"Player","Team","Positions","AB","R","HR","RBI","SB","AVG","OBP","H","2B","3B","BB","SO","SLG","OPS","PTS"
"Mike Trout","LAA","CF","444","103","38","94","14",".308",".440","137","25","3","105","116",".619","1.059","491"
"Alex Bregman","HOU","3B,SS","477","94","30","92","7",".295",".401","141","32","2","85","77",".550",".951","466"
"Cody Bellinger","LAD","1B,CF,RF","478","94","36","96","11",".293",".389","140","27","3","75","111",".579",".968","458"
"Nolan Arenado","COL","3B","507","88","35","103","2",".304",".373","154","30","2","56","91",".568",".941","458"
"Mookie Betts","LAD","CF,RF","505","104","27","77","17",".297",".387","150","32","3","74","86",".527",".914","453"
"Christian Yelich","MIL","LF,RF","485","96","32","89","20",".316",".403","153","29","4","71","118",".581",".984","451"
"Juan Soto","WSH","LF","474","91","30","93","8",".295",".408","140","28","3","91","116",".540",".948","437"
"Francisco Lindor","CLE","SS","532","93","29","78","18",".288",".349","153","33","2","50","86",".516",".865","432"
"Jose Ramirez","CLE","3B","486","79","26","85","22",".282",".361","137","33","3","60","72",".519",".880","428"
"Anthony Rendon","LAA","3B","478","84","26","91","4",".299",".382","143","32","2","64","80",".530",".912","420"
"Freddie Freeman","ATL","1B","495","88","28","92","5",".301",".388","149","31","2","70","111",".534",".921","418"
"Rafael Devers","BOS","3B","522","89","27","87","7",".294",".347","154","36","3","42","107",".525",".872","395"
"Anthony Rizzo","CHC","1B","476","82","25","82","5",".286",".372","136","27","2","65","82",".499",".870","395"
"J.D. Martinez","BOS","LF,RF,DH","483","83","32","95","2",".304",".379","147","29","2","58","125",".564",".942","393"
"Bryce Harper","PHI","RF","469","87","32","91","10",".271",".389","127","27","1","91","145",".524",".913","393"
"Ronald Acuna Jr.","ATL","LF,CF,RF","514","97","32","82","27",".287",".362","148","25","3","61","149",".522",".884","392"
"Jose Altuve","HOU","2B","509","87","22","73","12",".304",".362","155","28","3","46","81",".497",".859","389"
"Xander Bogaerts","BOS","SS","505","83","23","86","6",".297",".368","150","34","2","57","102",".507",".875","383"
"Ketel Marte","ARI","2B,SS,OF","499","79","22","71","8",".299",".360","149","29","7","48","80",".510",".870","383"
"Carlos Santana","CLE","1B,DH","470","78","24","78","3",".263",".376","124","25","1","85","89",".470",".845","380"
"Charlie Blackmon","COL","CF,RF","504","91","26","74","6",".303",".356","153","29","5","41","100",".529",".885","378"
"George Springer","HOU","CF,RF","484","93","30","79","6",".280",".363","136","22","2","63","113",".513",".876","377"
"Manny Machado","SD","3B,SS","512","75","29","85","6",".274",".343","140","24","2","54","103",".496",".839","373"
"Yordan Alvarez","HOU","LF,DH","470","81","34","94","3",".285",".373","134","27","1","65","137",".556",".928","371"
"Ozzie Albies","ATL","2B","527","84","20","71","13",".289",".340","152","32","6","41","93",".480",".820","370"
"Josh Bell","PIT","1B","469","75","26","83","1",".275",".367","129","28","3","68","106",".501",".869","370"
"Trevor Story","COL","SS","507","90","31","83","17",".288",".350","146","32","4","49","152",".543",".893","362"
"Marcus Semien","OAK","SS","515","85","21","68","10",".274",".350","141","29","3","60","97",".464",".814","362"
"Trea Turner","WSH","SS","525","88","18","62","34",".288",".345","151","29","5","45","113",".461",".805","357"
"Pete Alonso","NYM","1B","489","82","38","94","1",".259",".339","127","24","1","59","149",".538",".877","354"
"Kris Bryant","CHC","3B,LF,RF","480","90","26","74","4",".283",".371","136","30","2","67","130",".507",".878","352"
"Yuli Gurriel","HOU","1B,3B","495","69","20","79","4",".289",".326","143","31","2","28","62",".476",".802","352"
"Michael Brantley","HOU","LF,RF,DH","476","71","16","72","5",".298",".355","142","29","2","42","59",".465",".819","352"
"DJ LeMahieu","NYY","1B,2B,3B","516","86","17","68","5",".301",".353","155","26","2","42","82",".457",".811","351"
"Mike Moustakas","CIN","2B,3B","481","70","30","83","2",".260",".323","125","24","1","45","92",".496",".819","351"
"Max Kepler","MIN","CF,RF","477","82","26","73","3",".257",".334","122","28","2","56","95",".482",".816","349"
"Josh Donaldson","MIN","3B","451","79","29","81","3",".267",".375","121","25","1","78","126",".510",".885","347"
"Rhys Hoskins","PHI","1B,LF","464","78","29","83","3",".247",".363","115","25","2","85","136",".487",".850","344"
"Gleyber Torres","NYY","2B,SS","484","78","29","85","5",".280",".343","136","24","1","46","119",".508",".851","343"
"Eddie Rosario","MIN","LF,RF","496","75","25","84","4",".281",".317","139","26","2","26","88",".494",".811","342"
"Vladimir Guerrero Jr.","TOR","3B,DH","473","67","21","78","2",".294",".359","139","28","2","48","86",".489",".849","342"
"Marcell Ozuna","ATL","LF","480","73","26","85","6",".277",".343","133","23","2","48","109",".492",".835","341"
"Matt Chapman","OAK","3B","497","83","29","79","2",".261",".340","130","31","3","59","134",".504",".844","341"
"Nelson Cruz","MIN","DH","451","72","32","90","1",".274",".347","124","22","1","51","124",".540",".887","339"
"Jorge Polanco","MIN","SS","512","79","17","69","6",".284",".345","146","31","5","47","96",".458",".803","339"
"Jeff McNeil","NYM","2B,3B,LF,RF","479","74","18","66","6",".294",".341","141","30","3","35","73",".478",".819","338"
"Paul Goldschmidt","STL","1B","480","79","27","79","5",".277",".368","133","24","2","69","137",".489",".857","336"
"Eduardo Escobar","ARI","2B,3B,SS","502","72","24","81","3",".267",".323","134","28","6","41","108",".482",".805","336"
"Matt Olson","OAK","1B","477","74","32","87","1",".262",".340","125","25","1","57","137",".510",".850","332"
"Austin Meadows","TB","LF,RF,DH","475","74","24","72","11",".283",".344","134","27","4","44","110",".507",".851","331"
"Starling Marte","ARI","CF","488","79","19","66","23",".285",".323","139","26","5","27","96",".476",".799","329"
"Whit Merrifield","KC","2B,CF,RF","531","78","13","58","20",".292",".340","155","32","5","38","98",".441",".781","328"
"Jose Abreu","CWS","1B,DH","513","71","26","86","2",".280",".325","144","29","1","34","117",".494",".818","327"
"Javier Baez","CHC","SS","513","81","28","86","12",".278",".316","142","31","4","29","148",".517",".833","326"
"Eugenio Suarez","CIN","3B","471","76","32","86","2",".268",".351","126","21","2","60","145",".516",".867","326"
"Jorge Soler","KC","RF,DH","474","73","33","84","2",".261",".345","124","24","1","61","148",".519",".864","319"
"Andrew Benintendi","BOS","LF,CF","495","75","15","67","11",".276",".350","137","34","4","56","111",".446",".796","319"
"Nick Castellanos","CIN","LF,RF","495","74","23","76","2",".286",".336","141","36","3","38","122",".508",".845","318"
"Michael Conforto","NYM","LF,CF,RF","452","74","27","76","4",".257",".354","116","23","1","68","128",".484",".838","317"
"Tommy Pham","SD","LF,CF,DH","456","75","19","61","17",".277",".366","127","23","3","64","113",".458",".824","315"
"Justin Turner","LAD","3B","417","69","20","65","2",".291",".362","121","24","1","46","74",".491",".853","315"
"Corey Seager","LAD","SS","454","71","19","73","1",".282",".346","128","31","2","45","95",".476",".822","315"
"Giancarlo Stanton","NYY","LF,RF","431","75","34","85","2",".270",".353","116","21","1","55","147",".548",".901","314"
"Max Muncy","LAD","1B,2B,3B","425","79","28","78","3",".254",".366","108","19","1","74","132",".493",".858","314"
"Bo Bichette","TOR","SS","495","76","19","62","19",".278",".330","138","34","3","39","113",".473",".804","314"
"Joey Votto","CIN","1B","452","71","16","59","3",".278",".385","126","26","1","79","101",".436",".821","312"
"Carlos Correa","HOU","SS","437","68","25","78","3",".276",".355","121","24","1","54","113",".502",".857","311"
"Fernando Tatis Jr.","SD","SS","490","82","26","71","20",".277",".338","136","22","6","45","154",".501",".839","308"
"Kyle Schwarber","CHC","LF","435","70","30","78","2",".253",".349","110","21","2","64","136",".508",".857","304"
"Didi Gregorius","PHI","SS","459","64","20","73","4",".261",".306","120","21","3","30","72",".449",".755","304"
"Joey Gallo","TEX","LF,CF","425","78","38","85","5",".237",".350","101","20","2","74","184",".546",".897","301"
"Eloy Jimenez","CWS","LF","474","69","28","80","1",".278",".325","132","24","2","33","122",".515",".840","301"
"Adam Eaton","WSH","LF,RF","476","79","12","51","11",".284",".356","135","24","4","53","93",".421",".777","301"
"Aaron Judge","NYY","RF","409","80","30","73","4",".271",".383","111","19","1","74","155",".531",".914","300"
"Willie Calhoun","TEX","LF","431","62","22","67","2",".268",".326","116","24","1","37","77",".477",".803","300"
"Edwin Encarnacion","CWS","1B,DH","420","68","28","78","1",".249",".337","105","17","0","56","108",".482",".819","299"
"Elvis Andrus","TEX","SS","511","68","11","60","20",".272",".317","139","27","3","34","86",".400",".718","297"
"Andrew McCutchen","PHI","LF,CF,RF","428","74","20","61","6",".265",".363","113","22","2","66","109",".458",".821","295"
"Jean Segura","PHI","SS","482","66","11","55","12",".290",".329","140","26","3","28","66",".419",".748","295"
"Paul DeJong","STL","SS","492","74","25","76","5",".251",".314","124","27","1","45","133",".458",".773","294"
"Yoan Moncada","CWS","2B,3B","498","78","24","70","10",".277",".342","138","27","4","50","157",".489",".832","292"
"Luis Arraez","MIN","2B,3B,LF","439","62","6","46","4",".312",".373","137","26","2","42","45",".414",".787","290"
"Keston Hiura","MIL","2B","489","73","25","75","12",".274",".327","134","29","3","38","151",".496",".823","289"
"J.T. Realmuto","PHI","C","445","70","20","67","6",".277",".328","123","26","3","34","100",".481",".809","288"
"Andrelton Simmons","LAA","SS","466","57","9","56","10",".277",".321","129","23","2","31","46",".394",".715","287"
"Franmil Reyes","CLE","RF,DH","453","67","31","79","1",".261",".329","118","20","1","46","140",".505",".834","286"
"Bryan Reynolds","PIT","LF,CF,RF","477","71","16","62","4",".290",".352","138","29","4","46","120",".460",".813","283"
"Victor Robles","WSH","CF,RF","482","70","15","59","25",".264",".313","127","27","4","35","117",".423",".736","281"
"Khris Davis","OAK","DH","480","69","30","81","1",".240",".310","115","20","1","49","149",".471",".781","280"
"Daniel Murphy","COL","1B,2B","407","56","14","65","1",".290",".341","118","27","2","31","64",".467",".808","280"
"Trey Mancini","BAL","1B,LF,RF","440","65","23","66","1",".276",".337","121","23","2","41","113",".486",".823","279"
"Lorenzo Cain","MIL","CF","465","68","11","49","15",".279",".343","130","24","2","46","91",".404",".748","277"
"Oscar Mercado","CLE","LF,CF,RF","474","70","14","57","20",".264",".316","125","26","3","36","103",".415",".731","276"
"Tim Anderson","CWS","SS","517","73","18","62","16",".278",".305","144","27","2","20","123",".444",".749","274"
"David Peralta","ARI","LF","448","62","17","64","2",".280",".338","126","25","3","39","99",".462",".799","274"
"Kyle Seager","SEA","3B","463","59","22","69","2",".245",".310","113","25","1","44","104",".437",".747","274"
"Alex Verdugo","BOS","LF,CF,RF","406","57","13","53","5",".296",".352","120","26","2","35","63",".465",".818","273"
"David Dahl","COL","LF,CF,RF","443","70","20","68","6",".283",".334","126","26","5","34","124",".495",".829","272"
"Amed Rosario","NYM","SS","505","62","13","56","17",".278",".315","140","24","6","27","104",".422",".736","272"
"Brian Anderson","MIA","3B,RF","479","65","18","63","4",".266",".333","128","28","2","48","119",".446",".780","272"
"Eric Hosmer","SD","1B","499","63","18","73","2",".267",".325","133","23","2","43","121",".427",".751","272"
"Cesar Hernandez","CLE","2B","459","63","11","52","9",".279",".348","128","21","3","48","89",".402",".749","268"
"Kevin Newman","PIT","2B,SS","458","55","9","50","15",".281",".323","129","23","3","28","66",".404",".726","266"
"Nick Ahmed","ARI","SS","469","61","15","63","6",".252",".310","118","26","4","39","99",".417",".727","266"
"Hunter Dozier","KC","1B,3B,RF","475","64","21","70","3",".261",".328","124","27","5","47","141",".469",".796","265"
"Jurickson Profar","SD","2B,SS,LF","404","56","15","56","7",".248",".321","100","22","2","44","71",".423",".744","265"
"Shohei Ohtani","LAA","SP,DH","386","59","21","67","9",".279",".344","108","22","3","39","111",".514",".859","264"
"Adam Frazier","PIT","2B","444","61","9","46","5",".277",".332","123","26","4","37","67",".411",".743","264"
"Ramon Laureano","OAK","CF,RF","446","71","21","64","14",".271",".326","121","25","2","37","131",".474",".800","263"
"Ryan Braun","MIL","LF","391","58","19","62","8",".273",".328","107","23","2","32","88",".478",".805","263"
"Lourdes Gurriel Jr.","TOR","2B,SS,LF","461","65","22","70","6",".265",".303","122","24","2","25","116",".469",".772","262"
"Mark Canha","OAK","1B,LF,CF,RF","406","65","21","60","2",".258",".341","105","21","2","51","110",".466",".807","262"
"Shin-Soo Choo","TEX","LF,RF,DH","454","73","18","53","8",".260",".351","118","23","1","64","131",".428",".780","261"
"Kolten Wong","STL","2B","429","57","10","50","14",".271",".336","116","22","4","42","76",".405",".741","261"
"Cavan Biggio","TOR","2B,RF","431","70","19","60","13",".243",".356","105","21","3","75","143",".425",".781","261"
"Yasmani Grandal","CWS","C,1B","395","61","22","64","2",".247",".358","98","18","1","68","114",".461",".819","261"
"Jonathan Villar","MIA","2B,SS","495","71","16","53","30",".264",".327","131","22","3","47","142",".413",".740","260"
"Starlin Castro","WSH","2B,3B","434","56","14","60","2",".283",".323","123","24","2","25","80",".442",".764","260"
"Hanser Alberto","BAL","2B,3B,SS","479","55","11","48","4",".283",".306","136","21","2","16","51",".404",".711","260"
"Luis Robert","CWS","CF","459","68","21","64","18",".265",".304","122","24","5","26","134",".477",".781","259"
"Joc Pederson","LAD","1B,LF,RF","347","59","24","60","2",".251",".331","87","18","2","41","86",".512",".843","257"
"Gavin Lux","LAD","2B,SS","438","67","15","58","9",".272",".339","119","22","4","44","109",".446",".785","256"
"Tommy Edman","STL","2B,3B,SS,RF","432","61","12","51","16",".277",".321","120","22","5","28","83",".434",".755","256"
"Rougned Odor","TEX","2B","451","66","25","69","11",".234",".296","106","22","2","39","137",".452",".748","255"
"David Fletcher","LAA","2B,3B,SS,LF","430","59","5","42","7",".284",".335","122","24","3","33","51",".390",".725","254"
"Maikel Franco","KC","3B","398","48","18","57","1",".258",".312","103","20","1","31","63",".446",".758","253"
"Jason Heyward","CHC","CF,RF","405","58","13","52","5",".262",".338","106","19","3","47","79",".415",".754","253"
"Miguel Sano","MIN","1B,3B","418","70","30","78","0",".246",".336","103","20","2","57","170",".512",".848","252"
"Justin Upton","LAA","LF","439","66","24","72","4",".247",".330","109","19","1","54","144",".457",".787","251"
"Miguel Andujar","NYY","3B,DH","397","54","18","60","2",".276",".313","110","24","1","21","73",".476",".789","251"
"Dansby Swanson","ATL","SS","453","63","15","59","8",".257",".326","116","24","3","47","116",".414",".741","251"
"Kole Calhoun","ARI","RF","440","63","20","61","3",".242",".323","106","21","2","53","120",".430",".752","251"
"Gio Urshela","NYY","3B","427","58","16","60","1",".276",".316","118","23","1","25","83",".444",".760","250"
"C.J. Cron","DET","1B","418","53","23","67","1",".258",".306","108","22","1","29","103",".470",".776","250"
"Gary Sanchez","NYY","C","372","59","27","71","1",".242",".316","90","16","1","40","112",".497",".813","249"
"Christian Walker","ARI","1B","412","62","21","64","4",".256",".329","105","22","2","45","123",".465",".793","249"
"Yasiel Puig","","RF","378","55","18","59","11",".271",".333","103","19","2","35","89",".471",".804","249"
"Ryan McMahon","COL","1B,2B,3B","444","63","20","70","4",".261",".330","116","24","2","45","139",".455",".784","248"
"Gregory Polanco","PIT","RF","415","58","18","61","8",".250",".323","104","23","3","45","110",".443",".766","247"
"Adalberto Mondesi","KC","SS","482","68","15","59","40",".254",".290","123","23","7","24","144",".426",".716","246"
"Corey Dickerson","MIA","LF","431","54","16","59","3",".279",".319","120","27","3","25","94",".468",".788","246"
"Nick Madrigal","CWS","2B,SS","374","51","5","38","15",".286",".334","107","20","3","27","30",".393",".727","246"
"Brandon Lowe","TB","1B,2B","445","65","22","67","6",".258",".325","115","24","3","44","143",".467",".792","244"
"Randal Grichuk","TOR","CF,RF","452","61","25","68","2",".242",".288","109","25","3","30","129",".474",".763","244"
"J.D. Davis","NYM","3B,LF","401","58","19","60","3",".274",".336","110","21","1","37","103",".472",".808","244"
"Brandon Belt","SF","1B,LF","411","59","15","52","3",".249",".348","102","24","2","62","107",".419",".767","244"
"Jonathan Schoop","DET","2B","454","58","22","64","1",".259",".294","118","24","1","23","113",".456",".751","243"
"Renato Nunez","BAL","1B,3B,DH","454","59","23","69","1",".247",".306","112","21","1","38","125",".447",".752","243"
"Anthony Santander","BAL","LF,CF,RF","458","54","19","61","3",".252",".293","116","26","2","26","102",".439",".731","243"
"Mike Yastrzemski","SF","LF,RF","454","65","19","58","5",".252",".319","114","25","4","45","132",".447",".765","243"
"Robinson Cano","NYM","2B","407","51","14","54","0",".269",".320","109","25","0","31","70",".434",".754","243"
"Yandy Diaz","TB","1B,3B,DH","395","58","12","49","3",".276",".357","109","20","2","49","85",".425",".782","241"
"Kyle Tucker","HOU","LF,RF","356","58","19","58","14",".258",".322","92","20","2","34","98",".477",".800","240"
"Tommy La Stella","LAA","2B,3B","357","54","14","48","1",".279",".336","100","15","1","31","48",".433",".770","240"
"Matt Carpenter","STL","3B","391","61","17","54","4",".244",".349","95","22","2","64","115",".435",".784","239"
"Byron Buxton","MIN","CF","417","62","16","56","20",".255",".306","106","27","5","31","120",".453",".759","238"
"Nomar Mazara","CWS","RF","419","56","19","63","2",".260",".313","109","21","1","32","102",".452",".764","238"
"Miguel Cabrera","DET","1B,DH","418","47","14","56","0",".279",".349","117","21","1","44","93",".427",".775","238"
"Hunter Renfroe","TB","LF,RF","419","59","27","68","3",".237",".298","99","21","1","36","133",".482",".780","237"
"Brett Gardner","NYY","LF,CF","386","61","14","48","9",".253",".329","98","17","4","44","86",".427",".756","237"
"Danny Santana","TEX","1B,2B,3B,SS,LF,CF,RF","443","64","20","63","16",".258",".297","114","22","4","25","133",".460",".757","236"
"Jesse Winker","CIN","LF,CF,RF","332","51","14","45","1",".285",".368","94","18","1","44","62",".463",".830","235"
"Evan Longoria","SF","3B","426","52","17","60","3",".255",".308","109","22","2","33","99",".430",".738","234"
"Shogo Akiyama","CIN","LF,CF","410","55","13","49","7",".275",".344","113","21","2","43","89",".432",".776","233"
"Trent Grisham","SD","LF,CF,RF","391","57","15","53","8",".247",".338","96","18","4","54","106",".423",".761","231"
"Nicky Lopez","KC","2B,SS","421","51","5","39","7",".267",".318","112","20","4","32","54",".365",".683","229"
"Jose Iglesias","BAL","SS","431","49","8","45","8",".273",".304","118","22","2","19","58",".390",".694","228"
"Avisail Garcia","MIL","CF,RF,DH","407","54","18","61","6",".274",".319","111","18","2","27","104",".455",".774","227"
"Willy Adames","TB","SS","463","62","16","55","5",".262",".327","121","22","2","45","133",".419",".746","226"
"Jackie Bradley Jr.","BOS","CF","424","61","17","56","8",".241",".314","102","24","3","45","126",".425",".739","226"
"Salvador Perez","KC","C","409","47","21","63","1",".251",".280","103","19","1","16","88",".458",".738","224"
"Albert Pujols","LAA","1B,DH","368","42","16","57","2",".245",".297","90","15","0","27","57",".413",".709","224"
"Luke Voit","NYY","1B,DH","364","56","19","56","0",".264",".351","96","18","1","49","112",".469",".820","223"
"Freddy Galvis","CIN","2B,SS","475","56","15","58","5",".254",".300","121","23","2","31","118",".406",".706","222"
"Scott Kingery","PHI","2B,3B,SS,LF,CF","461","60","17","56","13",".250",".299","115","26","3","33","137",".431",".730","221"
"Willson Contreras","CHC","C","348","52","18","57","2",".265",".338","92","18","2","39","97",".478",".816","221"
"Dexter Fowler","STL","CF,RF","401","58","14","51","7",".242",".339","97","19","2","59","114",".397",".736","220"
"Austin Hays","BAL","CF,RF","403","52","18","54","7",".255",".295","103","22","2","23","100",".449",".744","219"
"Nick Solak","TEX","2B,3B,DH","373","54","16","53","6",".269",".338","100","17","2","39","100",".443",".780","218"
"Niko Goodrum","DET","1B,2B,SS,LF,CF,RF","444","60","15","53","12",".248",".315","110","25","4","43","137",".418",".733","218"
"Stephen Piscotty","OAK","RF","374","50","15","52","2",".259",".321","97","22","1","34","88",".438",".759","217"
"Todd Frazier","TEX","3B","364","51","18","56","3",".241",".317","88","16","1","41","94",".438",".755","217"
"Mitch Garver","MIN","C","314","53","20","55","0",".262",".341","82","17","1","38","88",".507",".848","217"
"Ji-Man Choi","TB","1B,DH","357","49","16","54","2",".259",".355","92","18","1","53","100",".442",".796","216"
"Justin Smoak","MIL","1B,DH","337","48","18","55","0",".238",".348","80","16","0","56","94",".442",".789","216"
"Buster Posey","SF","C","382","45","8","44","2",".275",".341","105","20","1","38","62",".391",".732","216"
"Wilson Ramos","NYM","C","361","41","13","53","1",".280",".335","101","15","0","30","62",".426",".761","216"
"J.P. Crawford","SEA","SS","437","56","10","49","6",".236",".323","103","22","4","56","112",".371",".693","216"
"Brandon Nimmo","NYM","LF,CF,RF","367","63","14","46","6",".248",".363","91","19","3","66","121",".424",".787","215"
"Nick Senzel","CIN","2B,CF","378","55","13","46","12",".266",".327","101","23","3","34","102",".440",".767","214"
"Mallex Smith","SEA","CF,RF","439","59","5","35","37",".252",".313","111","19","6","39","110",".359",".672","212"
"Daniel Vogelbach","SEA","1B,DH","336","50","19","54","0",".232",".351","78","14","0","62","102",".431",".782","212"
"Alex Gordon","KC","LF","397","51","11","50","4",".256",".320","102","20","1","38","88",".390",".710","211"
"Miguel Rojas","MIA","SS","407","44","6","42","6",".274",".318","112","20","1","26","56",".374",".693","211"
"Mitch Moreland","BOS","1B","343","49","17","56","1",".249",".323","85","19","1","37","88",".456",".779","210"
"Brandon Crawford","SF","SS","423","49","11","51","3",".248",".316","105","22","2","41","100",".385",".700","208"
"Teoscar Hernandez","TOR","LF,CF","394","55","22","58","6",".238",".308","94","20","3","40","139",".463",".770","207"
"Ender Inciarte","ATL","CF","342","49","6","36","12",".273",".335","94","16","3","32","57",".388",".723","207"
"Mauricio Dubon","SF","2B,SS","402","47","11","43","10",".265",".302","107","19","1","21","73",".402",".704","206"
"Luis Urias","MIL","2B,SS","388","53","11","47","4",".256",".331","99","20","3","43","96",".401",".732","206"
"Carter Kieboom","WSH","SS","383","54","13","52","4",".262",".333","100","20","1","41","104",".419",".752","205"
"Josh Reddick","HOU","LF,CF,RF","334","44","10","42","3",".270",".327","90","15","2","28","51",".415",".742","205"
"A.J. Pollock","LAD","LF,CF","337","50","15","49","7",".264",".317","89","17","2","26","77",".457",".774","204"
"Eric Thames","WSH","1B,RF","342","54","20","55","3",".245",".330","84","18","2","43","119",".473",".803","204"
"Travis Shaw","TOR","2B,3B","341","48","18","52","2",".232",".327","79","16","1","48","100",".432",".759","204"
"Kevin Kiermaier","TB","CF","399","53","12","46","15",".242",".294","96","17","5","29","97",".402",".695","203"
"Ian Happ","CHC","2B,3B,LF,CF","358","55","18","55","6",".247",".337","88","17","2","49","124",".452",".789","202"
"Will Smith","LAD","C","321","49","20","56","2",".235",".314","75","15","1","37","97",".463",".777","201"
"Carson Kelly","ARI","C","304","42","14","43","0",".253",".342","77","17","1","41","72",".441",".783","201"
"Yoshi Tsutsugo","TB","3B,LF","345","49","17","52","1",".248",".334","86","18","1","44","104",".451",".785","200"
"Christian Vazquez","BOS","C,1B","361","46","13","46","3",".264",".310","95","18","1","24","73",".425",".735","199"
"Yadier Molina","STL","C","351","39","11","48","4",".264",".304","93","18","1","21","57",".405",".709","199"
"Michael Chavis","BOS","1B,2B,3B","392","53","20","59","3",".249",".309","98","18","1","34","131",".451",".759","195"
"Nick Markakis","ATL","LF,RF","304","41","7","43","1",".281",".353","86","18","1","34","50",".411",".765","193"
"Alex Dickerson","SF","LF","326","43","11","45","2",".268",".325","87","20","3","28","75",".442",".767","190"
"Colin Moran","PIT","2B,3B","373","42","11","53","1",".269",".323","100","20","1","29","90",".417",".739","189"
"Christin Stewart","DET","LF","359","44","15","50","1",".245",".321","88","19","2","40","103",".424",".745","189"
"Jeimer Candelario","DET","1B,3B","362","47","14","45","2",".241",".323","87","20","2","44","103",".415",".738","188"
"Evan White","SEA","1B","392","49","15","49","2",".255",".308","100","17","2","30","107",".420",".728","187"
"Mike Tauchman","NYY","LF,CF,RF","305","47","11","43","7",".260",".341","79","17","2","37","79",".433",".774","187"
"Howie Kendrick","WSH","1B,2B,3B","280","40","10","42","3",".300",".350","84","16","1","21","51",".474",".824","186"
"Omar Narvaez","MIL","C,DH","305","41","13","40","0",".274",".351","84","12","0","36","64",".437",".789","184"
"Kevin Pillar","BOS","CF,RF","307","42","10","42","7",".268",".295","82","20","1","12","49",".440",".736","183"
"Isan Diaz","MIA","2B","392","50","14","49","5",".233",".309","91","18","3","43","122",".397",".706","183"
"Jesus Aguilar","MIA","1B","328","44","16","54","0",".251",".329","82","13","0","38","91",".436",".765","183"
"Cameron Maybin","DET","LF,RF","329","47","9","35","12",".259",".338","85","17","2","40","87",".396",".735","182"
"Adam Haseley","PHI","LF,CF,RF","355","47","11","43","5",".258",".314","92","18","2","29","90",".409",".723","182"
"Shed Long","SEA","2B,LF","397","52","12","44","7",".250",".314","99","20","2","37","115",".404",".718","182"
"Johan Camargo","ATL","3B,SS,LF,RF","322","42","11","46","1",".267",".322","86","17","1","26","71",".426",".748","180"
"Tyler O'Neill","STL","LF,RF","359","52","21","55","4",".245",".303","88","16","1","30","133",".467",".770","176"
"Marwin Gonzalez","MIN","1B,3B,SS,LF,RF","318","42","12","44","2",".267",".324","85","16","1","27","75",".432",".757","175"
"Wilmer Flores","SF","1B,2B","278","32","10","39","1",".281",".324","78","16","0","18","37",".448",".772","175"
"Harrison Bader","STL","CF","334","50","13","42","10",".241",".314","80","16","2","36","110",".411",".726","172"
"Asdrubal Cabrera","WSH","2B,3B,SS","277","39","11","44","1",".269",".335","74","16","1","28","62",".446",".781","172"
"Travis d'Arnaud","ATL","C,1B","296","40","12","47","0",".254",".312","75","14","1","25","68",".424",".735","171"
"Victor Reyes","DET","LF,CF,RF","362","45","6","37","11",".273",".306","99","18","4","17","77",".397",".703","170"
"JaCoby Jones","DET","CF","409","54","13","42","10",".235",".289","96","21","4","31","131",".397",".686","169"
"Kurt Suzuki","WSH","C","260","33","12","43","0",".266",".311","69","12","0","17","37",".454",".765","169"
"Jarrod Dyson","PIT","LF,CF,RF","308","43","5","25","22",".240",".313","74","11","3","33","61",".334",".647","168"
"Ryan O'Hearn","KC","1B","328","40","15","46","0",".231",".310","76","17","2","37","100",".424",".734","167"
"Wil Myers","SD","1B,3B,LF,CF","333","46","14","45","11",".244",".322","81","18","1","38","115",".426",".748","166"
"Brian Goodwin","LAA","LF,CF,RF","325","47","13","42","5",".247",".312","80","19","2","31","102",".427",".739","166"
"Eric Sogard","MIL","2B,SS,RF","286","39","7","30","5",".264",".337","76","14","1","31","52",".386",".723","166"
"Nico Hoerner","CHC","SS","274","36","6","33","5",".271",".317","74","14","3","19","43",".402",".719","164"
"Domingo Santana","CLE","LF,RF","329","47","15","49","5",".258",".340","85","16","1","41","122",".446",".786","163"
"Ian Desmond","COL","1B,LF,CF","292","42","12","42","5",".259",".315","76","15","2","24","78",".444",".759","163"
"Jose Peraza","BOS","2B,SS,LF","285","36","6","31","9",".277",".309","79","15","2","13","41",".402",".711","163"
"Rio Ruiz","BAL","1B,3B","334","38","11","41","1",".243",".311","81","16","1","33","82",".392",".702","163"
"DJ Stewart","BAL","LF,RF","271","39","11","38","5",".245",".325","66","15","1","32","70",".426",".751","162"
"Mitch Haniger","SEA","CF,RF","266","40","13","39","3",".258",".336","69","15","1","31","77",".461",".797","162"
"Jose Martinez","TB","1B,RF","281","38","10","39","2",".286",".351","80","13","1","28","65",".438",".789","161"
"Aristides Aquino","CIN","RF","271","39","17","47","4",".245",".300","66","13","1","21","85",".485",".785","159"
"Ronald Guzman","TEX","1B","316","42","13","44","1",".244",".315","77","18","1","33","97",".425",".740","159"
"Chris Taylor","LAD","2B,SS,LF,CF","284","43","10","39","6",".259",".328","74","18","3","29","89",".440",".768","157"
"Francisco Mejia","SD","C","305","37","11","39","1",".257",".302","78","16","2","20","72",".433",".736","155"
"Garrett Hampson","COL","2B,SS,CF","284","40","7","31","15",".268",".325","76","14","3","24","70",".408",".733","155"
"Sean Murphy","OAK","C","283","39","12","38","1",".248",".310","70","16","1","25","73",".432",".742","154"
"Austin Riley","ATL","3B,LF","288","42","16","48","1",".252",".305","73","14","1","22","96",".474",".779","152"
"Jordan Luplow","CLE","LF,RF","237","37","11","36","3",".258",".341","61","13","1","30","63",".461",".801","151"
"Ryan Zimmerman","WSH","1B","240","33","11","40","1",".265",".328","64","13","1","23","57",".459",".788","151"
"Manuel Margot","TB","CF","274","37","8","31","10",".251",".311","69","13","2","24","59",".397",".708","150"
"Kyle Lewis","SEA","CF,RF","388","46","14","50","2",".239",".297","93","20","1","32","135",".401",".698","150"
"Kike Hernandez","LAD","2B,SS,LF,CF,RF","243","36","11","37","2",".247",".320","60","12","1","26","58",".435",".755","149"
"Dee Gordon","SEA","2B","317","36","2","25","17",".275",".304","87","11","4","13","50",".356",".660","148"
"Tucker Barnhart","CIN","C","279","32","8","33","1",".249",".333","69","13","1","35","67",".382",".715","148"
"Danny Jansen","TOR","C","264","34","10","35","1",".243",".310","64","13","1","26","57",".413",".723","147"
"Steven Souza Jr.","CHC","RF","272","38","12","40","6",".244",".328","66","13","2","34","90",".435",".763","146"
"Raimel Tapia","COL","LF,CF","282","38","6","33","8",".276",".316","78","16","3","16","65",".422",".738","145"
"Sam Hilliard","COL","CF,RF","288","41","13","41","10",".246",".309","71","14","3","26","104",".447",".756","145"
"Dylan Carlson","STL","CF,RF","265","37","9","34","6",".250",".320","66","14","2","27","70",".427",".747","145"
"Garrett Cooper","MIA","1B,LF,RF","291","36","11","39","0",".271",".330","79","14","1","26","82",".431",".762","144"
"Jake Fraley","SEA","CF","294","38","9","39","10",".247",".297","73","16","2","21","81",".412",".709","143"
"Robinson Chirinos","TEX","C","293","42","14","44","1",".232",".316","68","14","1","36","103",".424",".740","143"
"Jake Lamb","ARI","1B,3B","247","37","10","39","2",".235",".331","58","12","2","35","75",".415",".746","143"
"Rowdy Tellez","TOR","1B,DH","259","36","13","40","2",".251",".313","65","14","0","23","75",".455",".768","142"
"Alec Bohm","PHI","3B","213","30","9","32","2",".265",".330","57","12","1","21","45",".453",".783","140"
"Derek Fisher","TOR","LF,RF","292","43","13","38","8",".232",".316","68","13","1","36","107",".415",".731","139"
"Joey Wendle","TB","2B,3B,SS","270","35","5","30","8",".264",".310","71","16","2","18","56",".384",".694","139"
"Jose Osuna","PIT","1B,3B,RF","234","32","8","33","2",".265",".319","62","16","1","19","51",".438",".758","139"
"Tony Wolters","COL","C","276","34","3","31","1",".253",".328","70","13","2","31","56",".349",".677","139"
"Leury Garcia","CWS","SS,LF,CF,RF","319","41","6","30","9",".266",".296","85","14","2","14","77",".376",".673","137"
"Yoenis Cespedes","NYM","LF,CF","221","32","13","37","2",".258",".320","57","10","1","20","61",".480",".801","136"
"Jay Bruce","PHI","1B,LF,RF","216","30","14","38","1",".238",".304","51","11","1","20","59",".472",".776","136"
"Matt Joyce","MIA","LF,RF","221","32","9","28","1",".247",".351","54","11","1","36","56",".407",".758","136"
"Jason Kipnis","CHC","2B","238","30","8","33","3",".246",".315","58","13","1","24","53",".402",".717","136"
"Austin Nola","SEA","C,1B,2B","287","34","7","33","2",".248",".316","71","14","1","29","71",".386",".702","136"
"Hunter Pence","SF","LF,RF,DH","263","33","9","35","3",".262",".314","69","12","2","20","67",".417",".732","135"
"Tom Murphy","SEA","C","319","38","16","46","2",".233",".284","74","15","1","23","111",".440",".724","135"
"Roberto Perez","CLE","C","306","36","14","43","0",".226",".306","69","11","1","35","101",".400",".705","134"
"Jedd Gyorko","MIL","3B","232","31","10","35","2",".252",".329","58","10","1","27","60",".430",".759","134"
"Franchy Cordero","SD","LF,CF","334","42","13","41","8",".235",".294","78","15","4","28","130",".412",".706","130"
"Brandon Drury","TOR","1B,2B,3B,LF,RF","275","33","10","34","1",".243",".296","67","15","1","21","73",".409",".705","130"
"Jacob Stallings","PIT","C","275","31","7","30","1",".253",".306","70","14","0","21","62",".382",".688","130"
"Albert Almora Jr.","CHC","CF","244","30","7","29","2",".267",".306","65","12","1","14","46",".405",".711","129"
"Jon Berti","MIA","2B,3B,SS,CF","248","36","5","24","14",".254",".318","63","12","2","23","63",".378",".696","127"
"Jorge Alfaro","MIA","C","356","38","14","46","3",".255",".293","91","15","1","19","128",".418",".711","125"
"Aledmys Diaz","HOU","1B,2B,3B,SS","172","26","7","27","2",".267",".325","46","10","1","15","27",".442",".767","122"
"Martin Maldonado","HOU","C","289","35","10","33","0",".224",".279","65","13","1","22","77",".374",".653","122"
"Tony Kemp","OAK","2B,LF,CF","211","29","4","23","6",".253",".319","53","11","2","20","38",".372",".691","122"
"Ryan Mountcastle","BAL","1B,3B,SS","229","29","10","32","1",".266",".303","61","13","1","12","61",".454",".756","121"
"Dwight Smith Jr.","BAL","LF","215","27","8","28","3",".254",".312","55","11","2","18","49",".418",".730","121"
"David Bote","CHC","2B,3B","225","32","9","31","3",".249",".328","56","11","1","27","70",".414",".742","121"
"Brian Dozier","SD","2B","196","29","10","28","3",".234",".324","46","9","1","26","52",".427",".752","121"
"Yan Gomes","WSH","C","253","31","10","35","1",".239",".299","60","12","0","22","72",".401",".700","120"
"Jason Castro","LAA","C","268","36","12","34","0",".226",".315","61","12","0","35","96",".394",".709","117"
"Dominic Smith","NYM","1B,LF","219","31","9","30","1",".249",".310","55","12","1","19","60",".433",".743","117"
"Stephen Vogt","ARI","C,LF","202","24","9","29","1",".251",".311","51","12","1","18","49",".446",".757","115"
"Pedro Severino","BAL","C","237","27","9","29","2",".238",".299","56","10","0","21","57",".390",".688","115"
"Tyler Naquin","CLE","LF,RF","226","30","8","30","3",".272",".315","62","12","1","14","59",".441",".756","114"
"Jo Adell","LAA","LF,CF,RF","276","39","9","34","5",".253",".309","70","16","1","22","94",".422",".731","114"
"Melky Cabrera","","LF,RF","204","25","5","27","1",".285",".327","58","10","1","13","28",".413",".739","113"
"Franklin Barreto","OAK","2B","251","37","10","33","5",".242",".296","61","12","2","19","87",".423",".718","112"
"Austin Romine","DET","C","250","27","8","31","1",".255",".296","64","12","0","15","59",".395",".690","112"
"Josh Naylor","SD","LF,RF","190","27","7","27","1",".270",".342","52","9","0","21","40",".426",".768","112"
"Reese McGuire","TOR","C","223","27","7","26","2",".244",".304","54","11","1","19","50",".394",".697","111"
"Orlando Arcia","MIL","SS","221","25","6","27","4",".249",".302","55","10","1","17","50",".378",".680","111"
"Aaron Hicks","NYY","CF","160","27","8","25","2",".244",".346","39","8","1","25","44",".443",".789","110"
"Mike Ford","NYY","1B","149","25","9","26","0",".257",".343","38","8","0","20","35",".477",".820","110"
"Jake Bauers","CLE","1B,LF,DH","198","29","7","28","4",".240",".330","48","11","1","27","60",".409",".739","109"
"Brock Holt","MIL","1B,2B,SS,RF","225","30","4","26","3",".265",".341","60","9","1","26","54",".372",".714","108"
"Mike Zunino","TB","C","307","36","15","40","0",".207",".269","64","13","1","26","117",".400",".669","107"
"Joe Panik","TOR","2B","176","22","4","18","2",".260",".324","46","9","1","17","21",".375",".698","106"
"Brett Phillips","KC","CF","241","34","8","28","8",".217",".305","52","10","4","31","94",".382",".688","104"
"Victor Caratini","CHC","C,1B","195","25","6","26","0",".264",".333","51","10","0","20","47",".414",".747","102"
"Ryan McBroom","KC","1B,RF","217","28","8","27","1",".256",".318","56","12","1","20","67",".414",".732","102"
"Matt Beaty","LAD","1B,3B,LF","154","22","5","24","2",".272",".324","42","9","1","12","25",".437",".761","102"
"Jake Marisnick","NYM","CF","231","33","9","28","8",".226",".276","52","11","1","16","78",".400",".676","101"
"Chance Sisco","BAL","C","233","31","9","30","1",".236",".310","55","11","0","25","78",".399",".709","101"
"Nate Lowe","TB","1B","173","28","8","27","0",".271",".360","47","9","0","24","52",".452",".813","100"
"Scooter Gennett","","2B","206","28","8","30","1",".278",".321","57","8","1","13","51",".436",".757","98"
"Manny Pina","MIL","C","194","22","7","25","1",".243",".299","47","10","1","16","50",".395",".694","97"
"Brendan Rodgers","COL","2B,SS","185","26","6","27","2",".188",".225","35","7","1","9","33",".447",".672","96"
"Dawel Lugo","DET","2B,3B","205","24","5","24","2",".262",".292","54","10","1","9","41",".393",".685","96"
"Greg Allen","CLE","LF,CF,RF","191","27","4","21","8",".250",".300","48","9","2","13","46",".372",".672","95"
"Jed Lowrie","NYM","2B","173","23","6","24","0",".255",".336","44","9","0","21","42",".404",".740","94"
"Guillermo Heredia","PIT","LF,CF,RF","199","24","4","20","2",".247",".311","49","10","1","18","46",".361",".672","93"
"Lewis Brinson","MIA","CF,RF","265","30","8","30","5",".219",".273","58","11","2","20","90",".361",".635","91"
"Tyler Flowers","ATL","C","216","28","8","28","0",".236",".313","51","9","1","24","75",".392",".706","91"
"Roman Quinn","PHI","CF","187","25","5","20","12",".246",".310","46","8","2","17","57",".388",".698","90"
"Chris Davis","BAL","1B","278","32","13","36","1",".199",".286","56","10","0","34","118",".365",".651","90"
"Jordy Mercer","DET","1B,2B,SS","186","21","5","20","1",".262",".313","49","11","1","14","41",".403",".715","90"
"Chad Pinder","OAK","2B,3B,LF,RF","188","26","8","26","1",".255",".306","48","9","0","14","54",".429",".735","90"
"Adam Duvall","ATL","LF","152","23","9","28","1",".238",".304","36","7","1","14","47",".462",".765","90"
"Isaac Paredes","DET","3B,SS","147","20","4","19","1",".268",".333","39","8","0","14","24",".411",".745","90"
"Willians Astudillo","MIN","C,1B,3B","127","18","5","19","1",".285",".314","36","6","0","5","8",".447",".761","89"
"Austin Barnes","LAD","C","172","25","5","21","2",".230",".316","40","8","1","22","48",".366",".682","88"
"Curt Casali","CIN","C","175","21","7","24","0",".248",".320","43","8","0","19","48",".405",".725","88"
"Steven Duggar","SF","CF,RF","213","26","4","21","4",".247",".311","53","13","2","20","67",".373",".684","88"
"Josh Rojas","ARI","2B,LF,RF","132","21","4","19","6",".263",".343","35","8","2","16","33",".432",".776","87"
"Harold Ramirez","MIA","LF,CF,RF","172","22","5","21","1",".273",".311","47","9","1","9","38",".412",".723","87"
"Matt Thaiss","LAA","1B,3B","141","21","6","22","1",".249",".328","35","8","1","17","39",".418",".746","86"
"Phillip Ervin","CIN","LF,CF,RF","158","23","6","22","5",".256",".324","40","7","2","16","45",".419",".743","86"
"Robbie Grossman","OAK","LF,RF","152","21","3","18","2",".262",".359","40","8","1","23","34",".369",".728","86"
"Brad Miller","STL","2B,3B,LF","150","22","8","23","1",".248",".329","37","7","1","18","48",".452",".781","85"
"Luis Rengifo","LAA","2B,SS","150","22","3","17","3",".252",".325","38","8","2","16","36",".387",".713","83"
"Tim Locastro","ARI","LF,CF,RF","150","24","3","16","8",".256",".305","38","9","1","11","33",".387",".692","83"
"Delino DeShields","CLE","CF","181","27","3","16","11",".242",".322","44","8","1","21","52",".341",".663","83"
"Francisco Cervelli","MIA","C","179","21","5","22","1",".244",".327","44","8","1","22","51",".376",".703","83"
"James McCann","CWS","C","190","23","7","25","1",".248",".297","47","9","0","13","56",".405",".703","81"
"Donovan Solano","SF","2B,SS","177","20","3","19","1",".281",".320","50","9","1","10","35",".385",".704","80"
"Clint Frazier","NYY","LF,RF","161","24","7","23","2",".253",".311","41","8","1","14","50",".442",".753","80"
"Lane Thomas","STL","CF","155","20","6","21","4",".237",".302","37","9","1","14","51",".411",".713","79"
"Austin Hedges","SD","C","209","22","9","28","1",".213",".271","45","8","0","16","68",".383",".654","79"
"Myles Straw","HOU","SS,CF,RF","128","20","2","13","8",".270",".345","34","6","1","15","29",".367",".712","79"
"JT Riddle","PIT","SS,CF","164","19","6","21","1",".243",".288","40","8","1","10","40",".397",".685","78"
"Alex Avila","MIN","C","166","23","8","24","1",".221",".347","37","7","0","32","70",".394",".741","77"
"Isiah Kiner-Falefa","TEX","C,3B","157","20","3","17","3",".252",".309","40","8","1","13","35",".360",".669","77"
"Austin Allen","OAK","C","160","19","6","21","0",".243",".296","39","9","0","12","44",".416",".712","77"
"Zack Cozart","","3B","151","21","5","18","0",".250",".315","38","6","1","15","29",".407",".722","77"
"Josh Harrison","PHI","2B","166","20","4","18","3",".244",".287","40","7","1","10","35",".370",".657","74"
"Josh VanMeter","CIN","1B,2B,3B,LF","133","20","5","19","3",".250",".324","33","7","1","15","36",".422",".745","74"
"Yonder Alonso","ATL","1B,DH","114","17","5","19","0",".230",".328","26","6","0","17","30",".409",".737","73"
"Ryon Healy","MIL","1B,3B","135","17","6","21","0",".247",".295","33","8","0","9","34",".443",".738","72"
"Abraham Toro","HOU","3B","107","18","4","17","1",".260",".334","28","7","1","12","26",".444",".779","72"
"Ke'Bryan Hayes","PIT","3B","136","19","3","17","3",".257",".325","35","8","1","14","33",".396",".721","72"
"Ehire Adrianza","MIN","1B,2B,3B,SS,RF","129","20","3","17","2",".265",".325","34","7","1","12","29",".399",".724","71"
"Eduardo Nunez","NYM","2B,3B","154","18","4","18","4",".264",".299","41","6","0","8","27",".389",".688","71"
"Neil Walker","PHI","1B,2B,3B","122","17","4","17","1",".256",".338","31","7","0","15","30",".402",".740","70"
"Josh Fuentes","COL","1B,3B","123","17","5","18","1",".264",".308","32","8","1","8","34",".433",".741","70"
"Yolmer Sanchez","SF","2B,3B","162","18","2","15","3",".253",".314","41","8","2","14","37",".353",".667","70"
"Jonathan Lucroy","BOS","C","131","16","4","17","0",".256",".316","33","6","1","11","25",".384",".701","70"
"Matt Wieters","STL","C","147","16","6","21","1",".233",".296","34","5","0","13","38",".394",".690","69"
"Ben Gamel","MIL","LF,CF,RF","159","23","3","19","2",".268",".343","43","7","1","18","46",".386",".729","68"
"Greg Garcia","SD","2B,3B","145","21","2","15","1",".256",".350","37","6","1","21","37",".352",".702","68"
"Travis Demeritte","DET","LF,RF","155","22","6","21","2",".235",".309","36","8","1","17","58",".416",".725","68"
"Kevin Cron","ARI","1B,3B","99","18","7","22","0",".259",".339","26","5","0","12","34",".499",".838","68"
"Christian Arroyo","CLE","2B,3B","123","17","5","18","1",".258",".314","32","6","0","10","30",".427",".741","67"
"Willi Castro","DET","SS","145","19","3","16","3",".258",".303","37","8","2","9","39",".397",".700","67"
"Adeiny Hechavarria","ATL","2B,3B,SS","136","18","3","17","1",".257",".301","35","6","1","9","29",".388",".689","66"
"Matt Duffy","TEX","3B","128","16","2","14","2",".273",".339","35","7","0","13","26",".376",".715","66"
"Addison Russell","","2B,SS","141","20","5","20","1",".257",".324","36","6","0","14","38",".411",".735","66"
"Tim Beckham","","2B,3B,SS,LF","141","18","6","19","1",".248",".300","35","7","1","11","45",".424",".724","64"
"Danny Mendick","CWS","SS","118","17","4","15","2",".251",".315","30","6","0","11","29",".385",".700","64"
"Ildemaro Vargas","ARI","2B,3B,SS","114","15","3","13","1",".278",".319","32","5","1","7","15",".404",".723","64"
"Michael A. Taylor","WSH","CF","140","19","5","17","7",".240",".301","34","8","1","12","51",".403",".704","63"
"Billy Hamilton","SF","CF","157","21","1","11","12",".234",".300","37","5","2","15","42",".311",".611","63"
"Sheldon Neuse","OAK","2B,3B","141","18","4","17","1",".249",".306","35","8","1","12","46",".387",".693","63"
"Jaylin Davis","SF","RF","129","18","6","18","2",".244",".311","31","6","1","13","47",".422",".733","63"
"Garrett Stubbs","HOU","C","127","18","3","15","3",".243",".313","31","6","0","13","29",".372",".684","62"
"Sandy Leon","CLE","C","180","19","5","20","0",".206",".263","37","7","0","14","50",".325",".588","62"
"Derek Dietrich","CIN","1B,2B,LF","102","18","6","16","0",".251",".319","26","5","0","10","30",".454",".773","61"
"Seth Brown","OAK","LF,RF","141","21","6","21","2",".237",".296","33","6","1","12","51",".410",".706","61"
"Kyle Higashioka","NYY","C","122","16","6","19","0",".225",".280","27","6","0","9","36",".422",".702","60"
"Kevin Plawecki","BOS","C","120","15","4","15","0",".241",".306","29","7","0","11","28",".387",".693","60"
"Jazz Chisholm","MIA","SS","111","15","4","14","2",".256",".306","28","6","1","8","27",".413",".719","60"
"Yairo Munoz","BOS","3B,SS,LF,RF","104","12","3","12","3",".267",".315","28","6","1","7","24",".398",".713","59"
"Max Stassi","LAA","C","182","20","6","20","0",".206",".277","37","7","0","18","62",".339",".616","59"
"Billy McKinney","TOR","LF,RF","110","15","5","14","1",".238",".304","26","6","1","10","30",".437",".741","59"
"Elias Diaz","COL","C","115","14","3","15","0",".265",".321","31","5","0","10","24",".384",".705","59"
"Josh Phegley","CWS","C","109","15","4","19","0",".234",".280","26","6","0","7","26",".400",".680","58"
"Greg Bird","TEX","1B","110","15","5","16","0",".221",".311","24","6","1","14","36",".417",".728","58"
"Anderson Tejeda","TEX","SS","95","15","4","14","2",".253",".311","24","5","1","8","25",".417",".728","58"
"Matt Adams","NYM","1B","115","16","8","22","0",".243",".299","28","3","0","9","40",".466",".765","57"
"Jake Cave","MIN","LF,CF,RF","124","19","4","18","1",".263",".323","33","6","1","11","42",".440",".763","57"
"Austin Slater","SF","1B,LF,RF","126","17","3","16","2",".266",".345","33","6","1","15","40",".396",".740","57"
"Mark Trumbo","","DH","115","15","6","17","0",".232",".289","27","5","0","9","34",".435",".724","57"
"Yusniel Diaz","BAL","CF,RF","99","15","4","14","1",".255",".332","25","5","1","11","28",".414",".746","57"
"Luis Guillorme","NYM","3B,SS","101","13","3","11","1",".262",".330","26","5","0","10","20",".369",".698","56"
"Daniel Descalso","CHC","2B","118","17","3","15","1",".233",".323","28","6","1","16","36",".369",".691","56"
"Hernan Perez","CHC","2B,3B,SS","118","15","4","13","4",".266",".307","31","5","0","7","29",".406",".713","56"
"Luke Maile","PIT","C","152","15","3","15","1",".215",".274","33","7","1","12","43",".322",".596","56"
"Mike Brosseau","TB","2B,3B","103","16","4","16","1",".267",".325","28","5","0","9","28",".437",".762","56"
"Corban Joseph","","1B,2B","76","9","2","10","1",".263",".313","20","7","1","6","16",".464",".776","56"
"Andrew Vaughn","CWS","1B","89","13","4","14","1",".262",".328","23","5","1","9","24",".412",".740","56"
"Richie Martin","BAL","SS","134","16","3","13","4",".239",".288","32","6","1","9","37",".357",".646","55"
"Michael Perez","TB","C","133","15","4","16","0",".235",".304","31","7","0","13","40",".377",".681","55"
"Welington Castillo","WSH","C,DH","111","12","5","18","0",".241",".295","27","7","0","8","33",".429",".724","55"
"Magneuris Sierra","MIA","CF","144","17","1","12","7",".250",".286","36","5","2","7","33",".340",".626","55"
"Ronald Torreyes","PHI","2B,SS","88","12","2","10","1",".261",".305","23","7","1","6","17",".380",".684","55"
"Jake Noll","WSH","1B,2B","93","13","4","13","1",".258",".313","24","6","0","8","23",".412",".725","55"
"Abiatal Avelino","SF","SS,LF","69","8","2","8","1",".261",".311","18","7","1","5","16",".294",".605","54"
"Thairo Estrada","NYY","2B,SS","88","14","3","12","2",".263",".313","23","5","0","7","20",".401",".714","53"
"Tyler Wade","NYY","2B,LF","115","17","2","13","4",".254",".315","29","6","1","10","32",".374",".689","53"
"Erik Gonzalez","PIT","2B,3B,SS","164","18","3","16","3",".245",".284","40","7","1","9","48",".359",".643","53"
"Daniel Robertson","TB","2B,3B,SS","115","15","3","13","1",".243",".327","28","6","0","14","32",".360",".687","53"
"Bubba Starling","KC","CF,RF","142","17","3","15","3",".239",".285","34","7","1","9","42",".362",".647","52"
"Ben Zobrist","","2B,RF","88","12","2","10","0",".256",".337","22","5","0","11","15",".385",".723","52"
"Yadiel Rivera","TEX","3B,SS","82","10","3","11","2",".244",".295","20","6","1","6","24",".359",".654","52"
"Cheslor Cuthbert","CWS","1B,3B","100","11","4","15","0",".259",".308","26","5","0","7","25",".406",".714","50"
"Chris Iannetta","NYY","C","96","14","5","15","0",".243",".335","23","4","0","13","32",".409",".744","50"
"Dustin Garneau","HOU","C","100","13","4","13","0",".220",".286","22","6","0","9","28",".384",".670","50"
"Ty France","SD","2B,3B","83","14","3","14","0",".258",".317","21","5","0","7","21",".448",".764","50"
"Monte Harrison","MIA","CF","158","22","5","17","7",".227",".289","36","6","1","14","67",".369",".658","49"
"Bobby Dalbec","BOS","3B","92","15","5","15","1",".242",".323","22","5","0","11","36",".451",".774","49"
"Tyler White","LAD","1B","83","10","3","12","0",".236",".333","20","7","1","12","27",".392",".725","49"
"Grayson Greiner","DET","C","160","17","4","17","0",".224",".288","36","6","0","14","52",".345",".632","48"
"Russell Martin","","C","103","15","4","13","1",".233",".342","24","3","0","17","32",".370",".713","48"
"Carlos Gonzalez","","LF,RF","107","15","4","14","1",".238",".309","25","5","0","11","34",".388",".697","48"
"Hanley Ramirez","CLE","1B,DH","77","11","4","12","1",".241",".311","18","4","0","8","20",".440",".750","47"
"Yu Chang","CLE","3B,SS","81","12","3","12","1",".244",".316","20","5","0","9","22",".397",".713","47"
"Scott Heineman","TEX","CF","91","12","3","11","2",".260",".317","24","5","1","8","26",".412",".729","47"
"Ronny Rodriguez","MIL","1B,2B,SS","99","14","5","17","2",".252",".294","25","4","0","6","28",".458",".752","47"
"Drew Butera","COL","C","91","11","2","11","0",".239",".312","22","5","0","10","25",".374",".686","47"
"Dustin Pedroia","BOS","2B","74","10","2","9","1",".272",".331","20","4","1","7","13",".367",".698","46"
"Cole Tucker","PIT","SS","94","13","2","11","3",".245",".312","23","5","1","9","26",".372",".684","46"
"Randy Arozarena","TB","RF","88","15","3","12","4",".275",".342","24","4","0","9","26",".418",".760","46"
"Marco Hernandez","BOS","2B,3B","93","13","2","10","1",".265",".302","25","6","1","5","23",".385",".687","46"
"Kyle Farmer","CIN","C,1B,2B,3B","97","12","3","13","1",".252",".301","25","5","0","7","25",".399",".700","45"
"Jorge Mateo","OAK","SS","103","14","3","13","3",".241",".288","25","5","1","7","33",".380",".668","45"
"Jake Rogers","DET","C","118","15","5","15","1",".208",".285","24","5","0","13","43",".378",".663","45"
"Will Craig","PIT","1B,3B","82","10","3","11","1",".245",".313","20","5","1","8","22",".420",".733","45"
"Adrian Sanchez","WSH","2B,3B","92","12","3","12","1",".263",".314","24","4","0","7","20",".385",".699","44"
"Royce Lewis","MIN","SS","68","11","3","10","2",".272",".325","18","4","0","5","15",".415",".740","44"
"Jonathan Arauz","BOS","2B,SS","78","10","2","10","1",".252",".304","20","5","1","6","17",".392",".696","43"
"Yangervis Solarte","ATL","2B","84","9","2","9","0",".237",".281","20","5","0","5","15",".390",".671","43"
"Dylan Moore","SEA","2B,3B,SS,LF,RF","107","14","3","13","4",".222",".290","24","5","1","10","36",".369",".659","43"
"Lucas Duda","","1B","102","13","5","16","0",".229",".305","23","4","0","11","35",".425",".730","43"
"Cam Gallagher","KC","C","94","10","2","11","0",".245",".301","23","5","0","8","20",".365",".666","43"
"Harold Castro","DET","2B,3B,SS,LF,CF,RF","106","12","2","12","2",".269",".299","29","4","1","5","26",".372",".671","43"
"Jon Jay","ARI","LF,RF","94","11","1","8","1",".270",".315","26","4","1","6","19",".344",".659","42"
"Juan Lagares","SD","CF","111","15","2","12","2",".248",".301","28","4","1","9","29",".361",".662","42"
"Jonathan Davis","TOR","CF","100","15","2","10","4",".236",".303","24","4","1","10","29",".357",".660","42"
"Tomas Nido","NYM","C","129","12","3","14","0",".218",".256","28","6","0","7","35",".339",".595","42"
"Mike Freeman","CLE","2B,3B,SS","83","13","2","10","1",".268",".343","22","4","0","9","23",".363",".706","41"
"Chris Herrmann","TB","C","92","12","3","12","1",".235",".322","22","4","0","12","30",".380",".702","41"
"Kevan Smith","TB","C","83","9","2","10","1",".266",".321","22","4","0","7","16",".385",".706","40"
"Adam Engel","CWS","CF","121","15","3","12","4",".229",".277","28","5","1","8","39",".364",".640","40"
"Zach McKinstry","LAD","2B,SS","62","10","2","10","1",".264",".324","16","4","0","5","13",".411",".735","39"
"Andrew Velazquez","BAL","2B,SS","89","11","2","9","3",".242",".288","22","5","1","6","26",".381",".668","39"
"Patrick Wisdom","SEA","1B,3B","76","10","4","10","0",".234",".310","18","4","0","8","25",".411",".721","39"
"Pablo Sandoval","SF","1B,3B","77","10","3","11","0",".254",".305","20","4","0","6","19",".437",".742","39"
"Alex Blandino","CIN","2B","83","12","2","9","1",".253",".331","21","4","0","10","24",".352",".683","39"
"Gordon Beckham","SD","2B,3B,SS","90","12","3","9","1",".266",".322","24","4","1","7","24",".397",".719","39"
"Tim Federowicz","TEX","C","75","10","3","11","1",".228",".290","17","5","0","7","25",".380",".670","39"
"Andres Gimenez","NYM","SS","63","8","2","8","2",".262",".311","17","4","1","5","14",".419",".730","39"
"Wilmer Difo","WSH","2B,SS","84","12","1","9","2",".260",".321","22","3","1","8","19",".357",".678","38"
"Adolis Garcia","TEX","RF","88","11","4","11","2",".225",".258","20","4","1","4","30",".412",".671","37"
"Andrew Knizner","STL","C","75","10","2","10","1",".259",".318","19","3","0","7","17",".405",".723","37"
"Jose Rondon","BAL","2B,3B,SS","70","8","3","7","1",".234",".286","16","4","1","5","18",".389",".675","37"
"Santiago Espinal","TOR","SS","65","9","2","8","1",".259",".313","17","4","0","5","14",".393",".706","36"
"Ramon Urias","BAL","IF","71","10","2","9","1",".248",".309","18","4","0","6","18",".404",".713","36"
"Sam Travis","TEX","1B,LF","80","10","3","11","1",".256",".319","20","3","0","7","22",".404",".723","36"
"Alex Kirilloff","MIN","1B,RF","57","9","3","9","1",".271",".324","15","4","0","4","16",".456",".779","36"
"Jared Walsh","LAA","1B","59","9","3","10","0",".260",".336","15","4","0","7","19",".460",".796","35"
"Dom Nunez","COL","C","76","11","3","11","1",".231",".316","17","3","0","9","26",".400",".716","34"
"Vimael Machin","OAK","SS","58","8","2","8","1",".266",".326","15","3","0","5","12",".388",".714","34"
"Devon Travis","","2B","60","8","2","8","1",".261",".298","16","4","0","3","12",".423",".722","34"
"Zach Green","SF","1B,3B","51","7","2","8","0",".253",".320","13","4","1","5","16",".468",".788","34"
"Anthony Alford","TOR","LF","86","11","2","9","4",".223",".284","19","5","0","7","30",".345",".628","33"
"Jeff Mathis","TEX","C","172","16","3","15","1",".201",".258","35","7","0","13","61",".291",".548","33"
"Braden Bishop","SEA","CF","80","10","2","8","1",".241",".303","19","4","0","7","22",".350",".653","33"
"Jack Mayfield","HOU","2B,SS","47","7","2","7","1",".273",".325","13","3","0","4","9",".437",".762","32"
"C.J. Chatham","BOS","SS","58","7","2","7","1",".270",".313","16","3","0","4","12",".394",".707","32"
"Jacoby Ellsbury","","CF","65","8","1","7","2",".246",".315","16","3","0","7","13",".354",".669","32"
"Rob Brantly","SF","C","73","8","2","8","0",".249",".304","18","3","0","6","15",".358",".662","32"
"Charlie Culberson","ATL","1B,SS,LF,RF","82","11","3","11","1",".262",".306","22","3","0","5","24",".409",".714","32"
"Tyler Heineman","SF","C","70","8","2","8","1",".233",".292","16","3","0","6","16",".379",".671","31"
"Cristian Pache","ATL","CF","71","10","2","10","1",".257",".315","18","3","1","6","24",".410",".725","31"
"Daulton Varsho","ARI","C","45","9","1","9","2",".262",".340","12","3","0","5","11",".438",".778","31"
"Rangel Ravelo","STL","1B","53","7","2","8","0",".252",".327","13","3","0","6","14",".418",".745","30"
"Edwin Rios","LAD","1B,3B","44","7","3","8","0",".259",".337","11","3","0","5","14",".454",".790","30"
"John Hicks","ARI","C,1B","84","9","3","10","0",".234",".281","20","4","0","5","27",".391",".672","30"
"David Freitas","MIL","C","60","8","2","9","0",".278",".350","17","3","0","7","16",".404",".754","30"
"Mark Reynolds","COL","1B","70","9","3","11","1",".238",".324","17","3","0","9","27",".410",".734","30"
"Taylor Jones","HOU","1B","41","7","2","7","0",".273",".349","11","2","0","5","9",".433",".782","29"
"Andrew Knapp","PHI","C","88","11","2","9","0",".230",".317","20","4","0","11","32",".359",".676","29"
"Zack Collins","CWS","C,DH","67","12","3","13","0",".237",".375","16","2","0","15","33",".412",".787","29"
"Nick Gordon","MIN","SS","45","7","2","6","1",".279",".329","13","3","0","3","10",".413",".742","28"
"Jung Ho Kang","","3B,SS","60","8","4","10","0",".242",".303","15","2","0","5","20",".452",".755","28"
"Josh Ockimey","BOS","1B","44","7","2","7","0",".260",".349","12","3","0","6","14",".423",".772","27"
"Rene Rivera","NYM","C","64","7","3","9","0",".229",".286","15","3","0","5","20",".396",".681","27"
"Rafael Ortega","ATL","LF,RF","62","10","2","7","2",".272",".351","17","1","0","8","14",".390",".740","27"
"Breyvic Valera","SD","2B","45","6","1","5","1",".265",".327","12","2","1","4","9",".379",".706","26"
"Austin Wynns","BAL","C","63","7","2","7","0",".239",".294","15","2","0","5","16",".345",".638","26"
"Daz Cameron","DET","CF","56","10","1","7","2",".227",".316","13","4","1","7","23",".370",".686","26"
"Mark Mathias","MIL","2B","51","7","2","6","1",".265",".336","14","2","0","5","13",".388",".724","25"
"Andy Young","ARI","2B,3B","48","7","1","6","1",".256",".310","12","3","0","4","11",".419",".729","25"
"Michael Hermosillo","LAA","LF,CF","71","10","2","9","2",".219",".282","16","3","0","6","26",".372",".653","25"
"Logan Morrison","MIL","1B","48","7","2","7","0",".236",".311","11","2","0","5","13",".442",".753","25"
"Tzu-Wei Lin","BOS","2B,SS","48","7","1","5","1",".255",".312","12","3","0","4","11",".381",".693","25"
"Meibrys Viloria","KC","C","78","8","1","9","0",".234",".290","18","4","0","6","23",".332",".622","25"
"Domingo Leyba","ARI","2B","52","7","1","6","0",".267",".320","14","3","0","4","10",".407",".726","25"
"Jesus Sanchez","MIA","LF,RF","57","8","1","8","0",".242",".302","14","4","0","5","17",".386",".688","25"
"Andrew Susac","PIT","C","63","7","2","7","0",".224",".287","14","3","0","6","18",".358",".645","25"
"Austin Dean","STL","LF,RF","50","7","2","8","1",".295",".348","15","2","0","4","12",".450",".798","25"
"Tim Lopes","SEA","2B,LF","52","6","1","5","2",".246",".302","13","3","0","4","12",".349",".651","24"
"Caleb Joseph","TOR","C","78","10","1","8","0",".227",".267","18","4","1","4","21",".344",".611","24"
"Rylan Bannon","BAL","3B","50","6","1","6","1",".248",".314","12","3","0","5","12",".387",".702","24"
"Sean Rodriguez","MIA","2B,3B,SS,LF","58","9","3","8","0",".243",".324","14","2","0","7","22",".386",".710","24"
"Steve Pearce","","1B,LF,DH","51","7","2","7","0",".236",".306","12","2","0","5","15",".406",".712","24"
"Chad Wallach","MIA","C","63","7","2","8","0",".236",".303","15","3","0","6","21",".344",".647","23"
"Bryan Holaday","BAL","C","60","6","1","7","0",".248",".312","15","2","0","6","13",".370",".682","23"
"Anthony Bemboom","LAA","C","52","6","2","7","0",".221",".284","11","2","0","5","14",".331",".615","23"
"Bradley Zimmer","CLE","CF,RF","54","8","2","6","2",".235",".302","13","3","0","5","20",".392",".694","22"
"Wyatt Mathisen","ARI","2B,3B","33","5","2","5","0",".263",".326","9","2","0","3","8",".425",".750","22"
"Kevin Kramer","PIT","3B,LF,RF","56","6","2","6","1",".242",".302","14","3","0","5","18",".375",".677","22"
"Chris Owings","COL","2B,3B,SS,CF,RF","67","8","2","8","2",".239",".288","16","3","0","5","22",".388",".676","22"
"Jake Cronenworth","SD","2B,SS","51","6","1","6","1",".248",".299","13","2","0","4","12",".378",".677","22"
"Daniel Palka","CWS","RF","53","9","3","9","0",".238",".324","13","1","0","7","20",".423",".747","22"
"Taylor Ward","LAA","3B,LF","35","5","2","5","1",".266",".358","9","2","0","5","11",".426",".783","22"
"Robel Garcia","CHC","2B,3B","40","6","2","6","0",".258",".327","10","2","0","4","13",".449",".776","21"
"Jorge Bonifacio","DET","RF","47","6","2","6","0",".230",".293","11","2","0","4","14",".390",".682","21"
"Donnie Walton","SEA","SS","47","6","1","5","1",".251",".307","12","2","0","4","11",".372",".679","21"
"Brandon Dixon","DET","1B,LF,RF","82","10","3","10","1",".257",".300","21","3","0","5","29",".423",".724","21"
"Pablo Reyes","PIT","LF,CF,RF","72","9","2","9","2",".267",".319","19","1","0","6","17",".406",".725","21"
"Jared Oliva","PIT","LF,CF","41","5","1","4","2",".243",".300","10","2","1","3","11",".389",".689","21"
"Esteban Quiroz","TB","SS","41","6","1","5","1",".250",".306","10","2","0","3","10",".398",".704","20"
"Kean Wong","SF","2B","49","6","1","5","1",".261",".311","13","2","0","4","12",".378",".688","20"
"Humberto Arteaga","KC","3B,SS","50","6","1","5","1",".260",".300","13","2","0","3","10",".353",".653","20"
"Sergio Alcantara","DET","SS","44","5","1","5","1",".255",".306","11","2","0","3","10",".354",".660","20"
"Yonathan Daza","COL","CF","40","5","1","4","1",".296",".329","12","2","0","2","7",".422",".750","20"
"Raudy Read","WSH","C","45","5","2","6","0",".250",".297","11","2","0","3","11",".415",".712","20"
"Jonah Heim","OAK","C","47","6","1","6","0",".236",".302","11","2","0","4","11",".369",".671","20"
"Logan Forsythe","PHI","1B,2B,3B,SS","53","7","1","7","1",".246",".341","13","2","0","8","16",".360",".700","20"
"Austin Jackson","","CF","58","7","1","6","1",".238",".302","14","3","0","5","19",".356",".658","20"
"Jacob Nottingham","MIL","C","54","7","2","7","0",".229",".292","12","2","0","5","18",".353",".645","20"
"Luis Gonzalez","CWS","CF","60","8","2","7","2",".250",".318","15","1","0","6","15",".368",".686","20"
"Pat Valaika","BAL","2B","46","6","2","6","0",".240",".283","11","2","0","3","14",".409",".692","19"
"Max Schrock","STL","2B,3B","40","5","1","6","0",".250",".316","10","2","0","4","10",".381",".697","19"
"Edmundo Sosa","STL","2B,SS","41","5","1","5","0",".257",".309","11","2","0","3","10",".377",".686","19"
"John Ryan Murphy","PIT","C","54","6","2","7","0",".217",".275","12","2","0","4","17",".374",".649","19"
"Alex Jackson","ATL","C","37","5","2","5","0",".221",".275","8","2","0","3","12",".401",".676","19"
"Abraham Almonte","SD","CF,RF","30","5","1","4","1",".242",".331","7","2","0","4","8",".378",".709","19"
"Daniel Johnson","CLE","CF,RF","47","7","2","6","1",".274",".331","13","1","0","4","13",".432",".763","19"
"Cedric Mullins II","BAL","CF","41","5","1","4","2",".240",".303","10","2","0","4","9",".369",".672","19"
"Kelvin Gutierrez","KC","3B","44","5","1","6","1",".261",".314","11","2","0","3","12",".377",".691","18"
"Jason Martin","PIT","LF,CF","46","6","1","5","1",".248",".299","11","2","0","3","12",".401",".700","18"
"Socrates Brito","PIT","RF","39","5","1","5","1",".237",".283","9","2","0","3","11",".408",".691","18"
"Tres Barrera","WSH","C","33","4","1","4","0",".228",".285","7","2","0","3","8",".353",".637","17"
"Erik Kratz","NYY","C","43","5","1","5","0",".231",".280","10","2","0","3","10",".376",".656","17"
"Matt Kemp","MIA","LF","48","6","2","8","0",".286",".331","14","1","0","3","13",".438",".769","16"
"Chris Shaw","SF","1B,LF","39","5","1","5","0",".230",".290","9","2","0","3","12",".392",".681","15"
"Luis Torrens","SD","C","34","4","1","4","0",".243",".311","8","2","0","3","9",".387",".697","15"
"Deivy Grullon","PHI","C","36","4","1","5","0",".230",".295","8","2","0","3","10",".409",".703","15"
"Stevie Wilkerson","BAL","2B,LF,CF,RF","66","9","2","7","1",".242",".289","16","1","0","4","21",".370",".659","15"
"Mason Williams","BAL","CF,RF","30","4","1","3","0",".271",".328","8","1","0","3","7",".375",".703","15"
"Rob Refsnyder","TEX","2B,LF","31","4","1","4","0",".246",".313","8","2","0","3","9",".378",".691","15"
"Erick Mejia","KC","2B,CF","36","4","0","3","1",".245",".299","9","2","0","3","8",".325",".624","14"
"Nick Williams","PHI","LF,RF","45","6","2","6","0",".255",".304","12","1","0","3","15",".423",".726","14"
"Jose Trevino","TEX","C","63","7","1","7","0",".232",".265","15","1","0","3","13",".340",".605","14"
"Eric Haase","DET","C","37","4","1","4","0",".220",".279","8","2","0","3","12",".393",".672","13"
"Lewin Diaz","MIA","1B","27","3","1","4","0",".244",".290","7","1","0","2","6",".418",".708","13"
"Ryan McKenna","BAL","CF","27","3","1","3","1",".245",".311","7","1","0","3","8",".371",".682","13"
"LaMonte Wade Jr.","MIN","LF,CF","22","3","1","3","0",".256",".354","6","1","0","3","5",".368",".722","13"
"Nick Martini","PHI","LF","25","4","1","3","0",".288",".388","7","1","0","4","7",".356",".744","13"
"Andrew Stevenson","WSH","LF,RF","35","5","1","4","1",".276",".335","10","1","0","3","11",".364",".699","12"
"Joey Bart","SF","C","30","4","1","3","0",".223",".264","7","1","0","2","8",".397",".661","11"
"Jake Elmore","PIT","2B,LF","20","3","0","2","0",".275",".356","6","1","0","3","4",".312",".667","10"
"Nicky Delmonico","CWS","LF","27","4","1","3","0",".244",".321","6","1","0","3","8",".398",".719","10"
"Tyrone Taylor","MIL","CF,RF","22","3","1","3","0",".261",".311","6","1","0","2","6",".407",".718","10"
"Buddy Reed","OAK","LF,CF","22","3","1","2","1",".209",".264","5","1","0","2","8",".338",".602","9"
"Cesar Puello","BOS","LF,CF,RF","22","4","1","4","0",".289",".370","6","0","0","3","7",".384",".754","9"
"Blake Swihart","TEX","C,LF,RF","26","4","1","3","0",".217",".288","6","1","0","3","9",".341",".629","9"
"Mac Williamson","","LF","24","4","1","4","0",".248",".329","6","1","0","3","9",".412",".741","9"
"Bobby Bradley","CLE","1B,DH","21","3","1","3","0",".222",".295","5","1","0","2","8",".454",".749","8"
"Aramis Garcia","SF","C,1B","9","1","1","1","0",".233",".277","2","1","0","1","3",".353",".630","7"
"Ian Miller","CHC","CF","18","2","0","1","1",".237",".292","4","1","0","1","4",".329",".621","6"
"Juan Centeno","BOS","C","27","3","0","3","0",".241",".299","6","1","0","2","6",".336",".635","6"
"Phil Gosselin","PHI","3B,LF","15","2","0","2","0",".249",".321","4","1","0","2","4",".333",".654","6"
"Charlie Tilson","PIT","LF,CF,RF","28","3","0","3","1",".258",".313","7","1","0","2","7",".324",".637","6"
"Kyle Garlick","PHI","LF","11","2","1","2","0",".273",".320","3","0","0","1","4",".490",".810","6"
"Cristhian Adames","SF","2B,3B","11","1","0","1","0",".250",".308","3","1","0","1","2",".344",".653","5"
"Dustin Fowler","OAK","CF","20","3","0","2","0",".236",".275","5","1","0","1","6",".385",".660","5"
"Ryan Cordell","NYM","CF,RF","15","2","1","2","0",".241",".290","4","0","0","1","5",".381",".671","5"
"Mickey Moniak","PHI","CF","11","2","0","1","0",".232",".281","3","1","0","1","3",".370",".650","5"
"Eric Filia","SEA","OF","11","1","0","1","0",".252",".314","3","1","0","1","2",".365",".679","5"
"Justin Williams","STL","RF","9","1","0","1","0",".228",".280","2","1","0","1","2",".402",".681","4"
"Rocky Gale","LAD","C","11","1","0","1","0",".243",".290","3","1","0","1","3",".313",".603","4"
"Richard Urena","","2B,SS","40","4","0","4","0",".242",".282","10","1","0","2","11",".348",".630","4"
"Elliot Soto","COL","SS","11","1","0","1","0",".232",".290","3","1","0","1","3",".313",".602","4"
"Nick Heath","KC","CF","17","2","0","2","1",".238",".302","4","0","0","2","6",".328",".629","4"
"Christian Lopes","MIA","SS","5","1","0","1","0",".200",".304","1","0","0","1","1",".346",".650","3"
"Jose Siri","SF","CF","21","2","0","2","1",".212",".256","4","1","0","1","8",".344",".600","3"
"Travis Jankowski","CIN","RF","13","2","0","1","1",".277",".365","4","0","0","2","4",".307",".672","3"
"Corey Ray","MIL","CF","28","4","1","3","1",".227",".304","6","0","0","3","13",".370",".674","3"
"Brent Rooker","MIN","1B,LF","9","1","0","1","0",".228",".284","2","1","0","1","3",".427",".711","3"
"Joe McCarthy","SF","LF,RF","13","1","0","1","0",".219",".298","3","1","0","1","4",".348",".646","3"
"Luke Raley","LAD","LF,CF","9","1","0","1","0",".233",".285","2","1","0","1","3",".402",".686","3"
"Eli White","TEX","2B,SS","14","1","0","1","0",".219",".262","3","1","0","1","4",".348",".610","3"
"Arquimedes Gamboa","PHI","SS","9","1","0","1","0",".217",".277","2","1","0","1","3",".301",".577","3"
"Brian O'Grady","TB","CF","4","1","0","1","0",".171",".284","1","0","0","1","1",".399",".682","3"
"Ronnie Dawson","HOU","LF,CF","9","1","0","1","0",".217",".273","2","1","0","1","3",".351",".624","3"
"Drew Robinson","SF","CF","18","3","0","2","0",".235",".335","4","1","0","3","9",".348",".683","2"
"Edward Olivares","SD","CF,RF","5","1","0","1","0",".290",".304","1","0","0","0","1",".375",".678","2"
"Beau Taylor","CLE","C","13","1","0","1","0",".234",".309","3","1","0","1","5",".346",".655","2"
"Seby Zavala","CWS","C","9","1","0","1","0",".211",".271","2","1","0","1","4",".387",".657","2"
"Troy Stokes Jr.","DET","LF,CF","5","1","0","1","0",".180",".281","1","0","0","1","2",".385",".665","2"
"Joe Hudson","SEA","C","16","2","0","2","0",".188",".253","3","0","0","1","6",".318",".570","1"
"Luis Alexander Basabe","CWS","CF","18","2","0","2","1",".233",".312","4","0","0","2","7",".341",".653","1"
"Skye Bolt","OAK","CF","9","1","0","1","0",".222",".299","2","0","0","1","3",".345",".644","1"
"Sam Haggerty","SEA","2B,RF","8","1","0","0","0",".248",".354","2","0","0","1","3",".307",".661","0"
""
""